Index;videoId;videoPublishedAt
0;oAJ6gpWqqjQ;11-10-2019 00:33
1;QG3Z0PXmtUU;19-10-2019 18:06
2;6UXH8nr0rTM;23-10-2019 00:41
3;dFOQdDkkOdA;27-10-2019 01:33
4;P5kX4i-Mjk8;29-10-2019 23:57
5;yXv7zj0wPgM;31-10-2019 19:48
6;jpwTwOIchLY;4-11-2019 22:04
7;hHz2Y9lZ7uY;8-11-2019 22:13
8;5j8Sl_CoH8U;13-11-2019 23:54
9;qwN2dPytI24;17-11-2019 20:04
10;SiA0YSDAliw;21-11-2019 22:36
11;MJhTe3pJ_LY;25-11-2019 22:44
12;s5xGpwfbLMw;29-11-2019 00:32
13;HlyJ9IXWTbg;2-12-2019 23:20
14;lujRz4rDO2M;10-12-2019 03:32
15;8jkof1HNCIY;13-12-2019 21:05
16;x8g5KNmGIc8;17-12-2019 23:17
17;BEmXjinhf-A;21-12-2019 23:05
18;my05fiYaWHw;24-12-2019 00:25
19;DowXqgGMAWI;27-12-2019 23:25
20;ynDi1UvZYW4;30-12-2019 22:43
21;NjgENfWOnsU;8-1-2020 22:12
22;Ay8yMtRuPfo;12-1-2020 23:30
23;tHGX4UK1SSU;16-1-2020 22:59
24;QLSkDS_JCxs;25-1-2020 22:45
25;QOwOQQzTEzM;29-1-2020 22:59
26;2VFfRpoMK84;5-2-2020 00:19
27;6ZrnIms7xkY;10-2-2020 01:44
28;oDhJEixhWn0;17-2-2020 21:26
29;pnKcr2iR9eY;19-2-2020 06:48
30;xbypTf7ufWQ;24-2-2020 07:34
31;BiksW3AUaiY;27-2-2020 23:45
32;yxwOSbVIOYA;3-3-2020 23:43
33;RZgGWEY339s;7-3-2020 23:01
34;dZHCFzfMgw8;11-3-2020 21:01
35;ojbDEfZ20Wg;14-3-2020 20:35
36;U539jKHZXFI;18-3-2020 22:31
37;Oeqh3473DzE;24-3-2020 01:12
38;e3mUtDZ9wKc;28-3-2020 22:00
39;W7DDO5_p25o;2-4-2020 01:31
40;KUQZOQ1M8PE;5-4-2020 23:05
41;YE0vnrZu7To;10-4-2020 01:40
42;4JPbDve7A_o;12-4-2020 22:01
43;d35mwd8W9bY;17-4-2020 02:49
44;1xvR4A33LO8;22-4-2020 01:51
45;Auz0oT-VoAU;3-5-2020 01:40
46;hTJ3USG_-hU;8-5-2020 00:28
47;2zz_O--mBmA;13-5-2020 00:58
48;PkjIx0-LZEI;19-5-2020 03:56
49;KpmuyrGXiE4;24-5-2020 00:40
